{"name":"93f3c749-8e7f-407c-a45e-31f5c999e3db","id":"/providers/Microsoft.Flow/flows/93f3c749-8e7f-407c-a45e-31f5c999e3db","type":"Microsoft.Flow/flows","properties":{"apiId":"/providers/Microsoft.PowerApps/apis/shared_logicflows","displayName":"6242 v2","definition":{"metadata":{"workflowEntityId":null,"processAdvisorMetadata":null,"flowclientsuspensionreason":"None","flowclientsuspensiontime":null,"creator":{"id":"a3f8e963-6723-4e29-8704-9813d27a78f2","type":"User","tenantId":"482198bb-ae7b-4b25-8b7a-6d7f32faa083"},"provisioningMethod":"FromDefinition","failureAlertSubscription":true,"clientLastModifiedTime":"2021-12-03T16:26:19.2521482Z"},"$schema":"https://schema.management.azure.com/providers/Microsoft.Logic/schemas/2016-06-01/workflowdefinition.json#","contentVersion":"1.0.0.0","parameters":{"$connections":{"defaultValue":{},"type":"Object"},"$authentication":{"defaultValue":{},"type":"SecureObject"}},"triggers":{"Recurrence":{"recurrence":{"frequency":"Month","interval":1,"startTime":"2021-10-30T14:00:00.000Z"},"metadata":{"operationMetadataId":"5752b04e-ae29-4402-b61f-cba91583db57"},"type":"Recurrence"}},"actions":{"List_rows_present_in_a_table":{"runAfter":{},"metadata":{"012R2M5KKPJQAVTDJYUBEIPWLHEUYXJVY6":"/Test.xlsx","tableId":"{27D54646-0C32-4E6E-A3DF-16E51FD49E3E}","operationMetadataId":"273ea1d1-b947-4ff8-8270-355248b4d844","012R2M5KN6IFX3ZIARLVFYMMB2OYH3L4HZ":"/final recommendations.xlsx"},"type":"OpenApiConnection","inputs":{"host":{"apiId":"/providers/Microsoft.PowerApps/apis/shared_excelonlinebusiness","connectionName":"shared_excelonlinebusiness","operationId":"GetItems"},"parameters":{"source":"https://gtvault-my.sharepoint.com/personal/hmittal8_gatech_edu","drive":"b!FMbEixEn5Ei8lPt2ArxuQFBTwRn5QfZPrXF56ESHWx7eclSLb3g_Raxk_qb_Nqhc","file":"012R2M5KN6IFX3ZIARLVFYMMB2OYH3L4HZ","table":"{27D54646-0C32-4E6E-A3DF-16E51FD49E3E}"},"authentication":"@parameters('$authentication')"}},"Apply_to_each":{"foreach":"@outputs('List_rows_present_in_a_table')?['body/value']","actions":{"Send_an_email_(V2)":{"runAfter":{},"metadata":{"operationMetadataId":"0d744520-e97c-4dc4-9209-78cfe41719a1"},"type":"OpenApiConnection","inputs":{"host":{"apiId":"/providers/Microsoft.PowerApps/apis/shared_office365","connectionName":"shared_office365","operationId":"SendEmailV2"},"parameters":{"emailMessage/To":"hmittal8@gatech.edu","emailMessage/Subject":"Your @{items('Apply_to_each')?['date']} Personal Recommendation is here!","emailMessage/Body":"<html>\n<head>\n<style>\n</style>\n  <w:LsdException Locked=\"false\" Priority=\"39\" Name=\"Table Grid\"/>\n  <w:LsdException Locked=\"false\" SemiHidden=\"true\" UnhideWhenUsed=\"true\"\n   Name=\"Table Theme\"/>\n  <w:LsdException Locked=\"false\" SemiHidden=\"true\" Name=\"Placeholder Text\"/>\n  <w:LsdException Locked=\"false\" Priority=\"1\" QFormat=\"true\" Name=\"No Spacing\"/>\n  <w:LsdException Locked=\"false\" Priority=\"60\" Name=\"Light Shading\"/>\n  <w:LsdException Locked=\"false\" Priority=\"61\" Name=\"Light List\"/>\n  <w:LsdException Locked=\"false\" Priority=\"62\" Name=\"Light Grid\"/>\n  <w:LsdException Locked=\"false\" Priority=\"63\" Name=\"Medium Shading 1\"/>\n  <w:LsdException Locked=\"false\" Priority=\"64\" Name=\"Medium Shading 2\"/>\n  <w:LsdException Locked=\"false\" Priority=\"65\" Name=\"Medium List 1\"/>\n  <w:LsdException Locked=\"false\" Priority=\"66\" Name=\"Medium List 2\"/>\n  <w:LsdException Locked=\"false\" Priority=\"67\" Name=\"Medium Grid 1\"/>\n  <w:LsdException Locked=\"false\" Priority=\"68\" Name=\"Medium Grid 2\"/>\n  <w:LsdException Locked=\"false\" Priority=\"69\" Name=\"Medium Grid 3\"/>\n  <w:LsdException Locked=\"false\" Priority=\"70\" Name=\"Dark List\"/>\n  <w:LsdException Locked=\"false\" Priority=\"71\" Name=\"Colorful Shading\"/>\n  <w:LsdException Locked=\"false\" Priority=\"72\" Name=\"Colorful List\"/>\n  <w:LsdException Locked=\"false\" Priority=\"73\" Name=\"Colorful Grid\"/>\n  <w:LsdException Locked=\"false\" Priority=\"60\" Name=\"Light Shading Accent 1\"/>\n  <w:LsdException Locked=\"false\" Priority=\"61\" Name=\"Light List Accent 1\"/>\n  <w:LsdException Locked=\"false\" Priority=\"62\" Name=\"Light Grid Accent 1\"/>\n  <w:LsdException Locked=\"false\" Priority=\"63\" Name=\"Medium Shading 1 Accent 1\"/>\n  <w:LsdException Locked=\"false\" Priority=\"64\" Name=\"Medium Shading 2 Accent 1\"/>\n  <w:LsdException Locked=\"false\" Priority=\"65\" Name=\"Medium List 1 Accent 1\"/>\n  <w:LsdException Locked=\"false\" SemiHidden=\"true\" Name=\"Revision\"/>\n  <w:LsdException Locked=\"false\" Priority=\"34\" QFormat=\"true\"\n   Name=\"List Paragraph\"/>\n  <w:LsdException Locked=\"false\" Priority=\"29\" QFormat=\"true\" Name=\"Quote\"/>\n  <w:LsdException Locked=\"false\" Priority=\"30\" QFormat=\"true\"\n   Name=\"Intense Quote\"/>\n  <w:LsdException Locked=\"false\" Priority=\"66\" Name=\"Medium List 2 Accent 1\"/>\n  <w:LsdException Locked=\"false\" Priority=\"67\" Name=\"Medium Grid 1 Accent 1\"/>\n  <w:LsdException Locked=\"false\" Priority=\"68\" Name=\"Medium Grid 2 Accent 1\"/>\n  <w:LsdException Locked=\"false\" Priority=\"69\" Name=\"Medium Grid 3 Accent 1\"/>\n  <w:LsdException Locked=\"false\" Priority=\"70\" Name=\"Dark List Accent 1\"/>\n  <w:LsdException Locked=\"false\" Priority=\"71\" Name=\"Colorful Shading Accent 1\"/>\n  <w:LsdException Locked=\"false\" Priority=\"72\" Name=\"Colorful List Accent 1\"/>\n  <w:LsdException Locked=\"false\" Priority=\"73\" Name=\"Colorful Grid Accent 1\"/>\n  <w:LsdException Locked=\"false\" Priority=\"60\" Name=\"Light Shading Accent 2\"/>\n  <w:LsdException Locked=\"false\" Priority=\"61\" Name=\"Light List Accent 2\"/>\n  <w:LsdException Locked=\"false\" Priority=\"62\" Name=\"Light Grid Accent 2\"/>\n  <w:LsdException Locked=\"false\" Priority=\"63\" Name=\"Medium Shading 1 Accent 2\"/>\n  <w:LsdException Locked=\"false\" Priority=\"64\" Name=\"Medium Shading 2 Accent 2\"/>\n  <w:LsdException Locked=\"false\" Priority=\"65\" Name=\"Medium List 1 Accent 2\"/>\n  <w:LsdException Locked=\"false\" Priority=\"66\" Name=\"Medium List 2 Accent 2\"/>\n  <w:LsdException Locked=\"false\" Priority=\"67\" Name=\"Medium Grid 1 Accent 2\"/>\n  <w:LsdException Locked=\"false\" Priority=\"68\" Name=\"Medium Grid 2 Accent 2\"/>\n  <w:LsdException Locked=\"false\" Priority=\"69\" Name=\"Medium Grid 3 Accent 2\"/>\n  <w:LsdException Locked=\"false\" Priority=\"70\" Name=\"Dark List Accent 2\"/>\n  <w:LsdException Locked=\"false\" Priority=\"71\" Name=\"Colorful Shading Accent 2\"/>\n  <w:LsdException Locked=\"false\" Priority=\"72\" Name=\"Colorful List Accent 2\"/>\n  <w:LsdException Locked=\"false\" Priority=\"73\" Name=\"Colorful Grid Accent 2\"/>\n  <w:LsdException Locked=\"false\" Priority=\"60\" Name=\"Light Shading Accent 3\"/>\n  <w:LsdException Locked=\"false\" Priority=\"61\" Name=\"Light List Accent 3\"/>\n  <w:LsdException Locked=\"false\" Priority=\"62\" Name=\"Light Grid Accent 3\"/>\n  <w:LsdException Locked=\"false\" Priority=\"63\" Name=\"Medium Shading 1 Accent 3\"/>\n  <w:LsdException Locked=\"false\" Priority=\"64\" Name=\"Medium Shading 2 Accent 3\"/>\n  <w:LsdException Locked=\"false\" Priority=\"65\" Name=\"Medium List 1 Accent 3\"/>\n  <w:LsdException Locked=\"false\" Priority=\"66\" Name=\"Medium List 2 Accent 3\"/>\n  <w:LsdException Locked=\"false\" Priority=\"67\" Name=\"Medium Grid 1 Accent 3\"/>\n  <w:LsdException Locked=\"false\" Priority=\"68\" Name=\"Medium Grid 2 Accent 3\"/>\n  <w:LsdException Locked=\"false\" Priority=\"69\" Name=\"Medium Grid 3 Accent 3\"/>\n  <w:LsdException Locked=\"false\" Priority=\"70\" Name=\"Dark List Accent 3\"/>\n  <w:LsdException Locked=\"false\" Priority=\"71\" Name=\"Colorful Shading Accent 3\"/>\n  <w:LsdException Locked=\"false\" Priority=\"72\" Name=\"Colorful List Accent 3\"/>\n  <w:LsdException Locked=\"false\" Priority=\"73\" Name=\"Colorful Grid Accent 3\"/>\n  <w:LsdException Locked=\"false\" Priority=\"60\" Name=\"Light Shading Accent 4\"/>\n  <w:LsdException Locked=\"false\" Priority=\"61\" Name=\"Light List Accent 4\"/>\n  <w:LsdException Locked=\"false\" Priority=\"62\" Name=\"Light Grid Accent 4\"/>\n  <w:LsdException Locked=\"false\" Priority=\"63\" Name=\"Medium Shading 1 Accent 4\"/>\n  <w:LsdException Locked=\"false\" Priority=\"64\" Name=\"Medium Shading 2 Accent 4\"/>\n  <w:LsdException Locked=\"false\" Priority=\"65\" Name=\"Medium List 1 Accent 4\"/>\n  <w:LsdException Locked=\"false\" Priority=\"66\" Name=\"Medium List 2 Accent 4\"/>\n  <w:LsdException Locked=\"false\" Priority=\"67\" Name=\"Medium Grid 1 Accent 4\"/>\n  <w:LsdException Locked=\"false\" Priority=\"68\" Name=\"Medium Grid 2 Accent 4\"/>\n  <w:LsdException Locked=\"false\" Priority=\"69\" Name=\"Medium Grid 3 Accent 4\"/>\n  <w:LsdException Locked=\"false\" Priority=\"70\" Name=\"Dark List Accent 4\"/>\n  <w:LsdException Locked=\"false\" Priority=\"71\" Name=\"Colorful Shading Accent 4\"/>\n  <w:LsdException Locked=\"false\" Priority=\"72\" Name=\"Colorful List Accent 4\"/>\n  <w:LsdException Locked=\"false\" Priority=\"73\" Name=\"Colorful Grid Accent 4\"/>\n  <w:LsdException Locked=\"false\" Priority=\"60\" Name=\"Light Shading Accent 5\"/>\n  <w:LsdException Locked=\"false\" Priority=\"61\" Name=\"Light List Accent 5\"/>\n  <w:LsdException Locked=\"false\" Priority=\"62\" Name=\"Light Grid Accent 5\"/>\n  <w:LsdException Locked=\"false\" Priority=\"63\" Name=\"Medium Shading 1 Accent 5\"/>\n  <w:LsdException Locked=\"false\" Priority=\"64\" Name=\"Medium Shading 2 Accent 5\"/>\n  <w:LsdException Locked=\"false\" Priority=\"65\" Name=\"Medium List 1 Accent 5\"/>\n  <w:LsdException Locked=\"false\" Priority=\"66\" Name=\"Medium List 2 Accent 5\"/>\n  <w:LsdException Locked=\"false\" Priority=\"67\" Name=\"Medium Grid 1 Accent 5\"/>\n  <w:LsdException Locked=\"false\" Priority=\"68\" Name=\"Medium Grid 2 Accent 5\"/>\n  <w:LsdException Locked=\"false\" Priority=\"69\" Name=\"Medium Grid 3 Accent 5\"/>\n  <w:LsdException Locked=\"false\" Priority=\"70\" Name=\"Dark List Accent 5\"/>\n  <w:LsdException Locked=\"false\" Priority=\"71\" Name=\"Colorful Shading Accent 5\"/>\n  <w:LsdException Locked=\"false\" Priority=\"72\" Name=\"Colorful List Accent 5\"/>\n  <w:LsdException Locked=\"false\" Priority=\"73\" Name=\"Colorful Grid Accent 5\"/>\n  <w:LsdException Locked=\"false\" Priority=\"60\" Name=\"Light Shading Accent 6\"/>\n  <w:LsdException Locked=\"false\" Priority=\"61\" Name=\"Light List Accent 6\"/>\n  <w:LsdException Locked=\"false\" Priority=\"62\" Name=\"Light Grid Accent 6\"/>\n  <w:LsdException Locked=\"false\" Priority=\"63\" Name=\"Medium Shading 1 Accent 6\"/>\n  <w:LsdException Locked=\"false\" Priority=\"64\" Name=\"Medium Shading 2 Accent 6\"/>\n  <w:LsdException Locked=\"false\" Priority=\"65\" Name=\"Medium List 1 Accent 6\"/>\n  <w:LsdException Locked=\"false\" Priority=\"66\" Name=\"Medium List 2 Accent 6\"/>\n  <w:LsdException Locked=\"false\" Priority=\"67\" Name=\"Medium Grid 1 Accent 6\"/>\n  <w:LsdException Locked=\"false\" Priority=\"68\" Name=\"Medium Grid 2 Accent 6\"/>\n  <w:LsdException Locked=\"false\" Priority=\"69\" Name=\"Medium Grid 3 Accent 6\"/>\n  <w:LsdException Locked=\"false\" Priority=\"70\" Name=\"Dark List Accent 6\"/>\n  <w:LsdException Locked=\"false\" Priority=\"71\" Name=\"Colorful Shading Accent 6\"/>\n  <w:LsdException Locked=\"false\" Priority=\"72\" Name=\"Colorful List Accent 6\"/>\n  <w:LsdException Locked=\"false\" Priority=\"73\" Name=\"Colorful Grid Accent 6\"/>\n  <w:LsdException Locked=\"false\" Priority=\"19\" QFormat=\"true\"\n   Name=\"Subtle Emphasis\"/>\n  <w:LsdException Locked=\"false\" Priority=\"21\" QFormat=\"true\"\n   Name=\"Intense Emphasis\"/>\n  <w:LsdException Locked=\"false\" Priority=\"31\" QFormat=\"true\"\n   Name=\"Subtle Reference\"/>\n  <w:LsdException Locked=\"false\" Priority=\"32\" QFormat=\"true\"\n   Name=\"Intense Reference\"/>\n  <w:LsdException Locked=\"false\" Priority=\"33\" QFormat=\"true\" Name=\"Book Title\"/>\n  <w:LsdException Locked=\"false\" Priority=\"37\" SemiHidden=\"true\"\n   UnhideWhenUsed=\"true\" Name=\"Bibliography\"/>\n  <w:LsdException Locked=\"false\" Priority=\"39\" SemiHidden=\"true\"\n   UnhideWhenUsed=\"true\" QFormat=\"true\" Name=\"TOC Heading\"/>\n  <w:LsdException Locked=\"false\" Priority=\"41\" Name=\"Plain Table 1\"/>\n  <w:LsdException Locked=\"false\" Priority=\"42\" Name=\"Plain Table 2\"/>\n  <w:LsdException Locked=\"false\" Priority=\"43\" Name=\"Plain Table 3\"/>\n  <w:LsdException Locked=\"false\" Priority=\"44\" Name=\"Plain Table 4\"/>\n  <w:LsdException Locked=\"false\" Priority=\"45\" Name=\"Plain Table 5\"/>\n  <w:LsdException Locked=\"false\" Priority=\"40\" Name=\"Grid Table Light\"/>\n  <w:LsdException Locked=\"false\" Priority=\"46\" Name=\"Grid Table 1 Light\"/>\n  <w:LsdException Locked=\"false\" Priority=\"47\" Name=\"Grid Table 2\"/>\n  <w:LsdException Locked=\"false\" Priority=\"48\" Name=\"Grid Table 3\"/>\n  <w:LsdException Locked=\"false\" Priority=\"49\" Name=\"Grid Table 4\"/>\n  <w:LsdException Locked=\"false\" Priority=\"50\" Name=\"Grid Table 5 Dark\"/>\n  <w:LsdException Locked=\"false\" Priority=\"51\" Name=\"Grid Table 6 Colorful\"/>\n  <w:LsdException Locked=\"false\" Priority=\"52\" Name=\"Grid Table 7 Colorful\"/>\n  <w:LsdException Locked=\"false\" Priority=\"46\"\n   Name=\"Grid Table 1 Light Accent 1\"/>\n  <w:LsdException Locked=\"false\" Priority=\"47\" Name=\"Grid Table 2 Accent 1\"/>\n  <w:LsdException Locked=\"false\" Priority=\"48\" Name=\"Grid Table 3 Accent 1\"/>\n  <w:LsdException Locked=\"false\" Priority=\"49\" Name=\"Grid Table 4 Accent 1\"/>\n  <w:LsdException Locked=\"false\" Priority=\"50\" Name=\"Grid Table 5 Dark Accent 1\"/>\n  <w:LsdException Locked=\"false\" Priority=\"51\"\n   Name=\"Grid Table 6 Colorful Accent 1\"/>\n  <w:LsdException Locked=\"false\" Priority=\"52\"\n   Name=\"Grid Table 7 Colorful Accent 1\"/>\n  <w:LsdException Locked=\"false\" Priority=\"46\"\n   Name=\"Grid Table 1 Light Accent 2\"/>\n  <w:LsdException Locked=\"false\" Priority=\"47\" Name=\"Grid Table 2 Accent 2\"/>\n  <w:LsdException Locked=\"false\" Priority=\"48\" Name=\"Grid Table 3 Accent 2\"/>\n  <w:LsdException Locked=\"false\" Priority=\"49\" Name=\"Grid Table 4 Accent 2\"/>\n  <w:LsdException Locked=\"false\" Priority=\"50\" Name=\"Grid Table 5 Dark Accent 2\"/>\n  <w:LsdException Locked=\"false\" Priority=\"51\"\n   Name=\"Grid Table 6 Colorful Accent 2\"/>\n  <w:LsdException Locked=\"false\" Priority=\"52\"\n   Name=\"Grid Table 7 Colorful Accent 2\"/>\n  <w:LsdException Locked=\"false\" Priority=\"46\"\n   Name=\"Grid Table 1 Light Accent 3\"/>\n  <w:LsdException Locked=\"false\" Priority=\"47\" Name=\"Grid Table 2 Accent 3\"/>\n  <w:LsdException Locked=\"false\" Priority=\"48\" Name=\"Grid Table 3 Accent 3\"/>\n  <w:LsdException Locked=\"false\" Priority=\"49\" Name=\"Grid Table 4 Accent 3\"/>\n  <w:LsdException Locked=\"false\" Priority=\"50\" Name=\"Grid Table 5 Dark Accent 3\"/>\n  <w:LsdException Locked=\"false\" Priority=\"51\"\n   Name=\"Grid Table 6 Colorful Accent 3\"/>\n  <w:LsdException Locked=\"false\" Priority=\"52\"\n   Name=\"Grid Table 7 Colorful Accent 3\"/>\n  <w:LsdException Locked=\"false\" Priority=\"46\"\n   Name=\"Grid Table 1 Light Accent 4\"/>\n  <w:LsdException Locked=\"false\" Priority=\"47\" Name=\"Grid Table 2 Accent 4\"/>\n  <w:LsdException Locked=\"false\" Priority=\"48\" Name=\"Grid Table 3 Accent 4\"/>\n  <w:LsdException Locked=\"false\" Priority=\"49\" Name=\"Grid Table 4 Accent 4\"/>\n  <w:LsdException Locked=\"false\" Priority=\"50\" Name=\"Grid Table 5 Dark Accent 4\"/>\n  <w:LsdException Locked=\"false\" Priority=\"51\"\n   Name=\"Grid Table 6 Colorful Accent 4\"/>\n  <w:LsdException Locked=\"false\" Priority=\"52\"\n   Name=\"Grid Table 7 Colorful Accent 4\"/>\n  <w:LsdException Locked=\"false\" Priority=\"46\"\n   Name=\"Grid Table 1 Light Accent 5\"/>\n  <w:LsdException Locked=\"false\" Priority=\"47\" Name=\"Grid Table 2 Accent 5\"/>\n  <w:LsdException Locked=\"false\" Priority=\"48\" Name=\"Grid Table 3 Accent 5\"/>\n  <w:LsdException Locked=\"false\" Priority=\"49\" Name=\"Grid Table 4 Accent 5\"/>\n  <w:LsdException Locked=\"false\" Priority=\"50\" Name=\"Grid Table 5 Dark Accent 5\"/>\n  <w:LsdException Locked=\"false\" Priority=\"51\"\n   Name=\"Grid Table 6 Colorful Accent 5\"/>\n  <w:LsdException Locked=\"false\" Priority=\"52\"\n   Name=\"Grid Table 7 Colorful Accent 5\"/>\n  <w:LsdException Locked=\"false\" Priority=\"46\"\n   Name=\"Grid Table 1 Light Accent 6\"/>\n  <w:LsdException Locked=\"false\" Priority=\"47\" Name=\"Grid Table 2 Accent 6\"/>\n  <w:LsdException Locked=\"false\" Priority=\"48\" Name=\"Grid Table 3 Accent 6\"/>\n  <w:LsdException Locked=\"false\" Priority=\"49\" Name=\"Grid Table 4 Accent 6\"/>\n  <w:LsdException Locked=\"false\" Priority=\"50\" Name=\"Grid Table 5 Dark Accent 6\"/>\n  <w:LsdException Locked=\"false\" Priority=\"51\"\n   Name=\"Grid Table 6 Colorful Accent 6\"/>\n  <w:LsdException Locked=\"false\" Priority=\"52\"\n   Name=\"Grid Table 7 Colorful Accent 6\"/>\n  <w:LsdException Locked=\"false\" Priority=\"46\" Name=\"List Table 1 Light\"/>\n  <w:LsdException Locked=\"false\" Priority=\"47\" Name=\"List Table 2\"/>\n  <w:LsdException Locked=\"false\" Priority=\"48\" Name=\"List Table 3\"/>\n  <w:LsdException Locked=\"false\" Priority=\"49\" Name=\"List Table 4\"/>\n  <w:LsdException Locked=\"false\" Priority=\"50\" Name=\"List Table 5 Dark\"/>\n  <w:LsdException Locked=\"false\" Priority=\"51\" Name=\"List Table 6 Colorful\"/>\n  <w:LsdException Locked=\"false\" Priority=\"52\" Name=\"List Table 7 Colorful\"/>\n  <w:LsdException Locked=\"false\" Priority=\"46\"\n   Name=\"List Table 1 Light Accent 1\"/>\n  <w:LsdException Locked=\"false\" Priority=\"47\" Name=\"List Table 2 Accent 1\"/>\n  <w:LsdException Locked=\"false\" Priority=\"48\" Name=\"List Table 3 Accent 1\"/>\n  <w:LsdException Locked=\"false\" Priority=\"49\" Name=\"List Table 4 Accent 1\"/>\n  <w:LsdException Locked=\"false\" Priority=\"50\" Name=\"List Table 5 Dark Accent 1\"/>\n  <w:LsdException Locked=\"false\" Priority=\"51\"\n   Name=\"List Table 6 Colorful Accent 1\"/>\n  <w:LsdException Locked=\"false\" Priority=\"52\"\n   Name=\"List Table 7 Colorful Accent 1\"/>\n  <w:LsdException Locked=\"false\" Priority=\"46\"\n   Name=\"List Table 1 Light Accent 2\"/>\n  <w:LsdException Locked=\"false\" Priority=\"47\" Name=\"List Table 2 Accent 2\"/>\n  <w:LsdException Locked=\"false\" Priority=\"48\" Name=\"List Table 3 Accent 2\"/>\n  <w:LsdException Locked=\"false\" Priority=\"49\" Name=\"List Table 4 Accent 2\"/>\n  <w:LsdException Locked=\"false\" Priority=\"50\" Name=\"List Table 5 Dark Accent 2\"/>\n  <w:LsdException Locked=\"false\" Priority=\"51\"\n   Name=\"List Table 6 Colorful Accent 2\"/>\n  <w:LsdException Locked=\"false\" Priority=\"52\"\n   Name=\"List Table 7 Colorful Accent 2\"/>\n  <w:LsdException Locked=\"false\" Priority=\"46\"\n   Name=\"List Table 1 Light Accent 3\"/>\n  <w:LsdException Locked=\"false\" Priority=\"47\" Name=\"List Table 2 Accent 3\"/>\n  <w:LsdException Locked=\"false\" Priority=\"48\" Name=\"List Table 3 Accent 3\"/>\n  <w:LsdException Locked=\"false\" Priority=\"49\" Name=\"List Table 4 Accent 3\"/>\n  <w:LsdException Locked=\"false\" Priority=\"50\" Name=\"List Table 5 Dark Accent 3\"/>\n  <w:LsdException Locked=\"false\" Priority=\"51\"\n   Name=\"List Table 6 Colorful Accent 3\"/>\n  <w:LsdException Locked=\"false\" Priority=\"52\"\n   Name=\"List Table 7 Colorful Accent 3\"/>\n  <w:LsdException Locked=\"false\" Priority=\"46\"\n   Name=\"List Table 1 Light Accent 4\"/>\n  <w:LsdException Locked=\"false\" Priority=\"47\" Name=\"List Table 2 Accent 4\"/>\n  <w:LsdException Locked=\"false\" Priority=\"48\" Name=\"List Table 3 Accent 4\"/>\n  <w:LsdException Locked=\"false\" Priority=\"49\" Name=\"List Table 4 Accent 4\"/>\n  <w:LsdException Locked=\"false\" Priority=\"50\" Name=\"List Table 5 Dark Accent 4\"/>\n  <w:LsdException Locked=\"false\" Priority=\"51\"\n   Name=\"List Table 6 Colorful Accent 4\"/>\n  <w:LsdException Locked=\"false\" Priority=\"52\"\n   Name=\"List Table 7 Colorful Accent 4\"/>\n  <w:LsdException Locked=\"false\" Priority=\"46\"\n   Name=\"List Table 1 Light Accent 5\"/>\n  <w:LsdException Locked=\"false\" Priority=\"47\" Name=\"List Table 2 Accent 5\"/>\n  <w:LsdException Locked=\"false\" Priority=\"48\" Name=\"List Table 3 Accent 5\"/>\n  <w:LsdException Locked=\"false\" Priority=\"49\" Name=\"List Table 4 Accent 5\"/>\n  <w:LsdException Locked=\"false\" Priority=\"50\" Name=\"List Table 5 Dark Accent 5\"/>\n  <w:LsdException Locked=\"false\" Priority=\"51\"\n   Name=\"List Table 6 Colorful Accent 5\"/>\n  <w:LsdException Locked=\"false\" Priority=\"52\"\n   Name=\"List Table 7 Colorful Accent 5\"/>\n  <w:LsdException Locked=\"false\" Priority=\"46\"\n   Name=\"List Table 1 Light Accent 6\"/>\n  <w:LsdException Locked=\"false\" Priority=\"47\" Name=\"List Table 2 Accent 6\"/>\n  <w:LsdException Locked=\"false\" Priority=\"48\" Name=\"List Table 3 Accent 6\"/>\n  <w:LsdException Locked=\"false\" Priority=\"49\" Name=\"List Table 4 Accent 6\"/>\n  <w:LsdException Locked=\"false\" Priority=\"50\" Name=\"List Table 5 Dark Accent 6\"/>\n  <w:LsdException Locked=\"false\" Priority=\"51\"\n   Name=\"List Table 6 Colorful Accent 6\"/>\n  <w:LsdException Locked=\"false\" Priority=\"52\"\n   Name=\"List Table 7 Colorful Accent 6\"/>\n  <w:LsdException Locked=\"false\" SemiHidden=\"true\" UnhideWhenUsed=\"true\"\n   Name=\"Mention\"/>\n  <w:LsdException Locked=\"false\" SemiHidden=\"true\" UnhideWhenUsed=\"true\"\n   Name=\"Smart Hyperlink\"/>\n  <w:LsdException Locked=\"false\" SemiHidden=\"true\" UnhideWhenUsed=\"true\"\n   Name=\"Hashtag\"/>\n  <w:LsdException Locked=\"false\" SemiHidden=\"true\" UnhideWhenUsed=\"true\"\n   Name=\"Unresolved Mention\"/>\n  <w:LsdException Locked=\"false\" SemiHidden=\"true\" UnhideWhenUsed=\"true\"\n   Name=\"Smart Link\"/>\n </w:LatentStyles>\n</xml><![endif]-->\n<style>\n<!--\n /* Font Definitions */\n @font-face\n\t{font-family:\"Cambria Math\";\n\tpanose-1:2 4 5 3 5 4 6 3 2 4;\n\tmso-font-charset:0;\n\tmso-generic-font-family:roman;\n\tmso-font-pitch:variable;\n\tmso-font-signature:-536869121 1107305727 33554432 0 415 0;}\n@font-face\n\t{font-family:Calibri;\n\tpanose-1:2 15 5 2 2 2 4 3 2 4;\n\tmso-font-charset:0;\n\tmso-generic-font-family:swiss;\n\tmso-font-pitch:variable;\n\tmso-font-signature:-469750017 -1073732485 9 0 511 0;}\n /* Style Definitions */\n p.MsoNormal, li.MsoNormal, div.MsoNormal\n\t{mso-style-unhide:no;\n\tmso-style-qformat:yes;\n\tmso-style-parent:\"\";\n\tmargin-top:0in;\n\tmargin-right:0in;\n\tmargin-bottom:8.0pt;\n\tmargin-left:0in;\n\tline-height:107%;\n\tmso-pagination:widow-orphan;\n\tfont-size:11.0pt;\n\tfont-family:\"Calibri\",sans-serif;\n\tmso-ascii-font-family:Calibri;\n\tmso-ascii-theme-font:minor-latin;\n\tmso-fareast-font-family:Calibri;\n\tmso-fareast-theme-font:minor-latin;\n\tmso-hansi-font-family:Calibri;\n\tmso-hansi-theme-font:minor-latin;\n\tmso-bidi-font-family:Arial;\n\tmso-bidi-theme-font:minor-bidi;}\nspan.GramE\n\t{mso-style-name:\"\";\n\tmso-gram-e:yes;}\n.MsoChpDefault\n\t{mso-style-type:export-only;\n\tmso-default-props:yes;\n\tfont-family:\"Calibri\",sans-serif;\n\tmso-ascii-font-family:Calibri;\n\tmso-ascii-theme-font:minor-latin;\n\tmso-fareast-font-family:Calibri;\n\tmso-fareast-theme-font:minor-latin;\n\tmso-hansi-font-family:Calibri;\n\tmso-hansi-theme-font:minor-latin;\n\tmso-bidi-font-family:Arial;\n\tmso-bidi-theme-font:minor-bidi;}\n.MsoPapDefault\n\t{mso-style-type:export-only;\n\tmargin-bottom:8.0pt;\n\tline-height:107%;}\n@page WordSection1\n\t{size:595.3pt 841.9pt;\n\tmargin:1.0in 1.0in 1.0in 1.0in;\n\tmso-header-margin:35.4pt;\n\tmso-footer-margin:35.4pt;\n\tmso-paper-source:0;}\ndiv.WordSection1\n\t{page:WordSection1;}\n-->\n</style>\n<!--[if gte mso 10]>\n<style>\n /* Style Definitions */\n table.MsoNormalTable\n\t{mso-style-name:\"Table Normal\";\n\tmso-tstyle-rowband-size:0;\n\tmso-tstyle-colband-size:0;\n\tmso-style-noshow:yes;\n\tmso-style-priority:99;\n\tmso-style-parent:\"\";\n\tmso-padding-alt:0in 5.4pt 0in 5.4pt;\n\tmso-para-margin-top:0in;\n\tmso-para-margin-right:0in;\n\tmso-para-margin-bottom:8.0pt;\n\tmso-para-margin-left:0in;\n\tline-height:107%;\n\tmso-pagination:widow-orphan;\n\tfont-size:11.0pt;\n\tfont-family:\"Calibri\",sans-serif;\n\tmso-ascii-font-family:Calibri;\n\tmso-ascii-theme-font:minor-latin;\n\tmso-hansi-font-family:Calibri;\n\tmso-hansi-theme-font:minor-latin;\n\tmso-bidi-font-family:Arial;\n\tmso-bidi-theme-font:minor-bidi;}\ntable.MsoTableGrid\n\t{mso-style-name:\"Table Grid\";\n\tmso-tstyle-rowband-size:0;\n\tmso-tstyle-colband-size:0;\n\tmso-style-priority:39;\n\tmso-style-unhide:no;\n\tborder:solid windowtext 1.0pt;\n\tmso-border-alt:solid windowtext .5pt;\n\tmso-padding-alt:0in 5.4pt 0in 5.4pt;\n\tmso-border-insideh:.5pt solid windowtext;\n\tmso-border-insidev:.5pt solid windowtext;\n\tmso-para-margin:0in;\n\tmso-pagination:widow-orphan;\n\tfont-size:11.0pt;\n\tfont-family:\"Calibri\",sans-serif;\n\tmso-ascii-font-family:Calibri;\n\tmso-ascii-theme-font:minor-latin;\n\tmso-hansi-font-family:Calibri;\n\tmso-hansi-theme-font:minor-latin;\n\tmso-bidi-font-family:Arial;\n\tmso-bidi-theme-font:minor-bidi;}\ntable.MsoTable15Plain4\n\t{mso-style-name:\"Plain Table 4\";\n\tmso-tstyle-rowband-size:1;\n\tmso-tstyle-colband-size:1;\n\tmso-style-priority:44;\n\tmso-style-unhide:no;\n\tmso-padding-alt:0in 5.4pt 0in 5.4pt;\n\tmso-para-margin:0in;\n\tmso-pagination:widow-orphan;\n\tfont-size:11.0pt;\n\tfont-family:\"Calibri\",sans-serif;\n\tmso-ascii-font-family:Calibri;\n\tmso-ascii-theme-font:minor-latin;\n\tmso-hansi-font-family:Calibri;\n\tmso-hansi-theme-font:minor-latin;\n\tmso-bidi-font-family:Arial;\n\tmso-bidi-theme-font:minor-bidi;}\ntable.MsoTable15Plain4FirstRow\n\t{mso-style-name:\"Plain Table 4\";\n\tmso-table-condition:first-row;\n\tmso-style-priority:44;\n\tmso-style-unhide:no;\n\tmso-ansi-font-weight:bold;\n\tmso-bidi-font-weight:bold;}\ntable.MsoTable15Plain4LastRow\n\t{mso-style-name:\"Plain Table 4\";\n\tmso-table-condition:last-row;\n\tmso-style-priority:44;\n\tmso-style-unhide:no;\n\tmso-ansi-font-weight:bold;\n\tmso-bidi-font-weight:bold;}\ntable.MsoTable15Plain4FirstCol\n\t{mso-style-name:\"Plain Table 4\";\n\tmso-table-condition:first-column;\n\tmso-style-priority:44;\n\tmso-style-unhide:no;\n\tmso-ansi-font-weight:bold;\n\tmso-bidi-font-weight:bold;}\ntable.MsoTable15Plain4LastCol\n\t{mso-style-name:\"Plain Table 4\";\n\tmso-table-condition:last-column;\n\tmso-style-priority:44;\n\tmso-style-unhide:no;\n\tmso-ansi-font-weight:bold;\n\tmso-bidi-font-weight:bold;}\ntable.MsoTable15Plain4OddColumn\n\t{mso-style-name:\"Plain Table 4\";\n\tmso-table-condition:odd-column;\n\tmso-style-priority:44;\n\tmso-style-unhide:no;\n\tmso-tstyle-shading:#F2F2F2;\n\tmso-tstyle-shading-themecolor:background1;\n\tmso-tstyle-shading-themeshade:242;}\ntable.MsoTable15Plain4OddRow\n\t{mso-style-name:\"Plain Table 4\";\n\tmso-table-condition:odd-row;\n\tmso-style-priority:44;\n\tmso-style-unhide:no;\n\tmso-tstyle-shading:#F2F2F2;\n\tmso-tstyle-shading-themecolor:background1;\n\tmso-tstyle-shading-themeshade:242;}\n</style>\n<![endif]--><!--[if gte mso 9]><xml>\n <o:shapedefaults v:ext=\"edit\" spidmax=\"1027\"/>\n</xml><![endif]--><!--[if gte mso 9]><xml>\n <o:shapelayout v:ext=\"edit\">\n  <o:idmap v:ext=\"edit\" data=\"1\"/>\n </o:shapelayout></xml><![endif]-->\n</head>\n\n<body lang=EN-US style='tab-interval:.5in;word-wrap:break-word'>\n\n<div class=WordSection1>\n\n<table class=MsoTable15Plain4 border=0 cellspacing=0 cellpadding=0\n style='border-collapse:collapse;mso-yfti-tbllook:1184;mso-padding-alt:0in 5.4pt 0in 5.4pt'>\n <tr style='mso-yfti-irow:-1;mso-yfti-firstrow:yes;mso-yfti-lastfirstrow:yes'>\n  <td width=601 colspan=2 valign=top style='width:450.8pt;padding:0in 5.4pt 0in 5.4pt'>\n  <p class=MsoNormal style='margin-bottom:0in;line-height:normal;mso-yfti-cnfc:\n  5'><!--[if gte vml 1]><v:shapetype id=\"_x0000_t75\" coordsize=\"21600,21600\"\n   o:spt=\"75\" o:preferrelative=\"t\" path=\"m@4@5l@4@11@9@11@9@5xe\" filled=\"f\"\n   stroked=\"f\">\n   <v:stroke joinstyle=\"miter\"/>\n   <v:formulas>\n    <v:f eqn=\"if lineDrawn pixelLineWidth 0\"/>\n    <v:f eqn=\"sum @0 1 0\"/>\n    <v:f eqn=\"sum 0 0 @1\"/>\n    <v:f eqn=\"prod @2 1 2\"/>\n    <v:f eqn=\"prod @3 21600 pixelWidth\"/>\n    <v:f eqn=\"prod @3 21600 pixelHeight\"/>\n    <v:f eqn=\"sum @0 0 1\"/>\n    <v:f eqn=\"prod @6 1 2\"/>\n    <v:f eqn=\"prod @7 21600 pixelWidth\"/>\n    <v:f eqn=\"sum @8 21600 0\"/>\n    <v:f eqn=\"prod @7 21600 pixelHeight\"/>\n    <v:f eqn=\"sum @10 21600 0\"/>\n   </v:formulas>\n   <v:path o:extrusionok=\"f\" gradientshapeok=\"t\" o:connecttype=\"rect\"/>\n   <o:lock v:ext=\"edit\" aspectratio=\"t\"/>\n  </v:shapetype><v:shape id=\"Picture_x0020_2\" o:spid=\"_x0000_s1026\" type=\"#_x0000_t75\"\n   alt=\"A bright sun in a blue sky&#10;&#10;Description automatically generated with low confidence\"\n   style='position:absolute;margin-left:-5.15pt;margin-top:0;width:451.3pt;\n   height:118pt;z-index:-251658240;visibility:visible;mso-wrap-style:square;\n   mso-width-percent:0;mso-height-percent:0;mso-wrap-distance-left:9pt;\n   mso-wrap-distance-top:0;mso-wrap-distance-right:9pt;\n   mso-wrap-distance-bottom:0;mso-position-horizontal:absolute;\n   mso-position-horizontal-relative:text;mso-position-vertical:absolute;\n   mso-position-vertical-relative:text;mso-width-percent:0;\n   mso-height-percent:0;mso-width-relative:page;mso-height-relative:page'>\n<img src=\"data:image/jpg;base64, @{if(equals(items('Apply_to_each')?['Weather'],'Clear'), outputs('Compose'), if(equals(items('Apply_to_each')?['Weather'],'Rain'), outputs('Compose_2'), if(equals(items('Apply_to_each')?['Weather'],'Clouds'), outputs('Compose_4'), outputs('Compose_5'))))}\" width=602 height=157/><![endif]><b><o:p></o:p></b></p>\n  </td>\n </tr>\n <tr style='mso-yfti-irow:0'>\n  <td width=601 colspan=2 valign=top style='width:450.8pt;background:#F2F2F2;\n  mso-background-themecolor:background1;mso-background-themeshade:242;\n  padding:0in 5.4pt 0in 5.4pt'>\n  <p class=MsoNormal align=center style='margin-bottom:0in;text-align:center;\n  line-height:normal;mso-yfti-cnfc:68'><span style='font-size:12.0pt;\n  color:black;mso-color-alt:windowtext'>Your personal heath recommendation is\n  here!</span><span style='font-size:12.0pt'><o:p></o:p></span></p>\n  </td>\n </tr>\n <tr style='mso-yfti-irow:1'>\n  <td width=601 colspan=2 valign=top style='width:450.8pt;padding:0in 5.4pt 0in 5.4pt'>\n  <p class=MsoNormal style='margin-bottom:0in;line-height:normal;mso-yfti-cnfc:\n  4'><b><o:p>&nbsp;</o:p></b></p>\n  <p class=MsoNormal style='margin-bottom:0in;line-height:normal;mso-yfti-cnfc:\n  4'><b>Today, weather is @{items('Apply_to_each')?['Weather']} and the AQI is @{items('Apply_to_each')?['max_pollutant_AQI']} in @{items('Apply_to_each')?['county_name']}, @{items('Apply_to_each')?['state_name']}. Recommendations based on your pre-existing health conditions is\n  shared as follows:<o:p></o:p></b></p>\n  <p class=MsoNormal style='margin-bottom:0in;line-height:normal;mso-yfti-cnfc:\n  4'><b><o:p>&nbsp;</o:p></b></p>\n  </td>\n </tr>\n <tr style='mso-yfti-irow:2'>\n  <td width=180 valign=top style='width:134.75pt;background:#F2F2F2;mso-background-themecolor:\n  background1;mso-background-themeshade:242;padding:0in 5.4pt 0in 5.4pt'>\n  <p class=MsoNormal style='margin-bottom:0in;line-height:normal;mso-yfti-cnfc:\n  68'><b><span style='color:black;mso-color-alt:windowtext'>Pollution <span\n  class=GramE>Level :</span></span><o:p></o:p></b></p>\n  </td>\n  <td width=421 valign=top style='width:316.05pt;background:#F2F2F2;mso-background-themecolor:\n  background1;mso-background-themeshade:242;padding:0in 5.4pt 0in 5.4pt'>\n  <p class=MsoNormal style='margin-bottom:0in;line-height:normal;mso-yfti-cnfc:\n  64'><span style='color:black;mso-color-alt:windowtext'>@{items('Apply_to_each')?['Intensity']}</span></p>\n  </td>\n </tr>\n <tr style='mso-yfti-irow:3'>\n  <td width=180 valign=top style='width:134.75pt;padding:0in 5.4pt 0in 5.4pt'>\n  <p class=MsoNormal style='margin-bottom:0in;line-height:normal;mso-yfti-cnfc:\n  4'><span class=GramE><b>Recommendation:</b></span><b><o:p></o:p></b></p>\n  </td>\n  <td width=421 valign=top style='width:316.05pt;padding:0in 5.4pt 0in 5.4pt'>\n  <p class=MsoNormal style='margin-bottom:0in;line-height:normal'>@{items('Apply_to_each')?['Recommendation']}</p>\n  </td>\n </tr>\n <tr style='mso-yfti-irow:4'>\n  <td width=180 valign=top style='width:134.75pt;padding:0in 5.4pt 0in 5.4pt'>\n  <p class=MsoNormal style='margin-bottom:0in;line-height:normal;mso-yfti-cnfc:\n  4'><b>Worst <span class=GramE>Pollutant :</span><o:p></o:p></b></p>\n  </td>\n  <td width=421 valign=top style='width:316.05pt;padding:0in 5.4pt 0in 5.4pt'>\n  <p class=MsoNormal style='margin-bottom:0in;line-height:normal'>@{items('Apply_to_each')?['Worst_Pollutant']}</p>\n  </td>\n </tr>\n <tr style='mso-yfti-irow:5;mso-yfti-lastrow:yes'>\n  <td width=601 colspan=2 valign=top style='width:450.8pt;background:#F2F2F2;\n  mso-background-themecolor:background1;mso-background-themeshade:242;\n  padding:0in 5.4pt 0in 5.4pt'>\n  <p class=MsoNormal style='margin-bottom:0in;line-height:normal;mso-yfti-cnfc:\n  68'><b><i><span style='font-size:10.0pt'><o:p>&nbsp;</o:p></span></i></b></p>\n\n<img src=\"data:image/jpg;base64, @{if(equals(items('Apply_to_each')?['Intensity'],'Hazardous'), outputs('Compose_3'), '')}\"/>\n\n  <p class=MsoNormal style='margin-bottom:0in;line-height:normal;mso-yfti-cnfc:\n  68'><b><i><span style='font-size:10.0pt'><o:p>&nbsp;</o:p></span></i></b></p>\n  <p class=MsoNormal style='margin-bottom:0in;line-height:normal;mso-yfti-cnfc:\n  68'><b><i><span style='font-size:8.0pt;mso-color-alt:windowtext'>You\n  are receiving this email because you have signed up for personal\n  recommendations.</span></i></b><b><i><span style='font-size:10.0pt'><o:p></o:p></span></i></b></p>\n  </td>\n </tr>\n</table>\n\n<p class=MsoNormal><o:p>&nbsp;</o:p></p>\n\n</div>\n\n</body>\n\n</html>","emailMessage/Importance":"Normal"},"authentication":"@parameters('$authentication')"}}},"runAfter":{"Compose_5":["Succeeded"]},"metadata":{"operationMetadataId":"22c5f486-9288-4151-b43d-61a3daf5296e"},"type":"Foreach"},"Get_file_content_using_path":{"runAfter":{"List_rows_present_in_a_table":["Succeeded"]},"metadata":{"operationMetadataId":"1315f2df-0cca-48b2-8fdf-4a57431dc9b6"},"type":"OpenApiConnection","inputs":{"host":{"apiId":"/providers/Microsoft.PowerApps/apis/shared_onedriveforbusiness","connectionName":"shared_onedriveforbusiness","operationId":"GetFileContentByPath"},"parameters":{"path":"/Sunny.jpg","inferContentType":true},"authentication":"@parameters('$authentication')"}},"Compose":{"runAfter":{"Get_file_content_using_path":["Succeeded"]},"metadata":{"operationMetadataId":"f2698a30-1bdd-4c01-b136-78bb56f8ba3a"},"type":"Compose","inputs":"@base64(outputs('Get_file_content_using_path')?['body'])"},"Get_file_content_using_path_2":{"runAfter":{"Compose":["Succeeded"]},"metadata":{"operationMetadataId":"c733250d-5683-40ed-bea5-3b2bfd8f84ee"},"type":"OpenApiConnection","inputs":{"host":{"apiId":"/providers/Microsoft.PowerApps/apis/shared_onedriveforbusiness","connectionName":"shared_onedriveforbusiness","operationId":"GetFileContentByPath"},"parameters":{"path":"/Rainy.jpg","inferContentType":true},"authentication":"@parameters('$authentication')"}},"Compose_2":{"runAfter":{"Get_file_content_using_path_2":["Succeeded"]},"metadata":{"operationMetadataId":"4134b37b-f0a4-4094-ab92-833da5132e3b"},"type":"Compose","inputs":"@base64(outputs('Get_file_content_using_path_2')?['body'])"},"Get_file_content_using_path_3":{"runAfter":{"Compose_2":["Succeeded"]},"metadata":{"operationMetadataId":"f163d5fc-fbfd-4395-b4a7-7f4b5b483c55"},"type":"OpenApiConnection","inputs":{"host":{"apiId":"/providers/Microsoft.PowerApps/apis/shared_onedriveforbusiness","connectionName":"shared_onedriveforbusiness","operationId":"GetFileContentByPath"},"parameters":{"path":"/Hazardous.jpg","inferContentType":true},"authentication":"@parameters('$authentication')"}},"Compose_3":{"runAfter":{"Get_file_content_using_path_3":["Succeeded"]},"metadata":{"operationMetadataId":"a59162ff-779b-4e7c-9b01-0467340104c6"},"type":"Compose","inputs":"@base64(outputs('Get_file_content_using_path_3')?['body'])"},"Get_file_content_using_path_4":{"runAfter":{"Compose_3":["Succeeded"]},"metadata":{"operationMetadataId":"396cc63f-8cd4-4c50-be21-4561e28ae13b"},"type":"OpenApiConnection","inputs":{"host":{"apiId":"/providers/Microsoft.PowerApps/apis/shared_onedriveforbusiness","connectionName":"shared_onedriveforbusiness","operationId":"GetFileContentByPath"},"parameters":{"path":"/Cloudy.jpg","inferContentType":true},"authentication":"@parameters('$authentication')"}},"Compose_4":{"runAfter":{"Get_file_content_using_path_4":["Succeeded"]},"metadata":{"operationMetadataId":"53757d96-ad12-4fdb-8d9f-70b35ebd335c"},"type":"Compose","inputs":"@base64(outputs('Get_file_content_using_path_4')?['body'])"},"Get_file_content_using_path_5":{"runAfter":{"Compose_4":["Succeeded"]},"metadata":{"operationMetadataId":"a2e25b9a-38b4-4cf5-b935-646bc0c47841"},"type":"OpenApiConnection","inputs":{"host":{"apiId":"/providers/Microsoft.PowerApps/apis/shared_onedriveforbusiness","connectionName":"shared_onedriveforbusiness","operationId":"GetFileContentByPath"},"parameters":{"path":"/Snow.jpg","inferContentType":true},"authentication":"@parameters('$authentication')"}},"Compose_5":{"runAfter":{"Get_file_content_using_path_5":["Succeeded"]},"metadata":{"operationMetadataId":"4e32c0a0-8ce4-455a-8042-73312b937338"},"type":"Compose","inputs":"@base64(outputs('Get_file_content_using_path_5')?['body'])"}}},"connectionReferences":{"shared_excelonlinebusiness":{"connectionName":"shared-excelonlinebu-64f57407-e7e9-4f18-b1ec-5407-a986024b","source":"Embedded","id":"/providers/Microsoft.PowerApps/apis/shared_excelonlinebusiness","tier":"NotSpecified"},"shared_office365":{"connectionName":"shared-office365-5178482b-4123-4f24-a989-a79b-b53eb2e4","source":"Embedded","id":"/providers/Microsoft.PowerApps/apis/shared_office365","tier":"NotSpecified"},"shared_onedriveforbusiness":{"connectionName":"shared-onedriveforbu-4069302b-4929-4270-a940-8b0f-9fbd50b0","source":"Embedded","id":"/providers/Microsoft.PowerApps/apis/shared_onedriveforbusiness","tier":"NotSpecified"}},"flowFailureAlertSubscribed":false}}